Longitude (deg),Latitude (deg)
1.283649194670000497e+02,3.862433502800007545e+01
1.283947835810000697e+02,3.857807413300012911e+01
1.284414168630000859e+02,3.850580475500004241e+01
1.284506942070000832e+02,3.847410716400008823e+01
1.284744572270000162e+02,3.842609284100007017e+01
1.285627547540000251e+02,3.828896719000005078e+01
1.286316024100000277e+02,3.814496491100004505e+01
1.286428328790000251e+02,3.812929922100005342e+01
1.286787215500000912e+02,3.809430573100007678e+01
1.286924748060000638e+02,3.806492747600003668e+01
1.288591414720000330e+02,3.787677643400007810e+01
1.289238387380000859e+02,3.780231354400007149e+01
1.290013126960000136e+02,3.773436107000003403e+01
1.290122990240000718e+02,3.772724030200004108e+01
1.290642195970000330e+02,3.767885976800005210e+01
1.290669051440000885e+02,3.765843333500004064e+01
1.290671492850000277e+02,3.763385651200007942e+01
1.290733341810000638e+02,3.761302317900003800e+01
1.291087345710000136e+02,3.759739817900003800e+01
1.291189884770000162e+02,3.758063385600007678e+01
1.291482039720000330e+02,3.750511302300003535e+01
1.291612248060000638e+02,3.748761627800007545e+01
1.291768498060000638e+02,3.748016998900004637e+01
1.291899520190000885e+02,3.746938711100006003e+01
1.292354435560000638e+02,3.739826080900007810e+01
1.292627873060000638e+02,3.737091705900007810e+01
1.292722274100000277e+02,3.735586172100005342e+01
1.292758895190000885e+02,3.733991120000007413e+01
1.292828068370000665e+02,3.732444896000004064e+01
1.293310653000000912e+02,3.728217194200004769e+01
1.293464461600000277e+02,3.724750397300005034e+01
1.293601180350000277e+02,3.717177969000005078e+01
1.293789168630000859e+02,3.713011302300003535e+01
1.294301863940000885e+02,3.707306549700007281e+01
1.294340926440000885e+02,3.706110260600007678e+01
1.294282332690000885e+02,3.704954661700008955e+01
1.294189559250000912e+02,3.703851959800005034e+01
1.294130965500000912e+02,3.702773672100005342e+01
1.294126896490000718e+02,3.701805247600003668e+01
1.294199324880000859e+02,3.698676178600004505e+01
1.294287215500000912e+02,3.689740631700004769e+01
1.294379988940000885e+02,3.685614655200004108e+01
1.294712020190000885e+02,3.677187734600005342e+01
1.294738875660000303e+02,3.673061758000005739e+01
1.294634708990000718e+02,3.669245026200007942e+01
1.294409285820000832e+02,3.665778229400007149e+01
1.294226180350000277e+02,3.661664459800005034e+01
1.294228621750000912e+02,3.661497630400003800e+01
1.294279891290000251e+02,3.657566966400008823e+01
1.294416610040000251e+02,3.653465403900008823e+01
1.294471134770000162e+02,3.649331289300005210e+01
1.294409285820000832e+02,3.640794505400003800e+01
1.294348250660000303e+02,3.638959381700004769e+01
1.294039005870000665e+02,3.635944245000007413e+01
1.293918563160000303e+02,3.634247467700004108e+01
1.293865666020000162e+02,3.632269928600004505e+01
1.293823348320000832e+02,3.620184967700004108e+01
1.293857528000000912e+02,3.618545156500005078e+01
1.293918563160000303e+02,3.617633698100007678e+01
1.293985294930000691e+02,3.617267487200007281e+01
1.294039005870000665e+02,3.616762929900005474e+01
1.294096785820000832e+02,3.613361237200007281e+01
1.294170841810000638e+02,3.610757070500005739e+01
1.294251408210000136e+02,3.610301341400008823e+01
1.294305119150000110e+02,3.609739817900003800e+01
1.294267684250000912e+02,3.608177317900003800e+01
1.294187117850000277e+02,3.607298411700008955e+01
1.294082951180000691e+02,3.606891510600007678e+01
1.293984481130000859e+02,3.606631094000005078e+01
1.293817826680000280e+02,3.605517462200003820e+01
1.293808587170000237e+02,3.604148684400007596e+01
1.294019370430000890e+02,3.602566008400003739e+01
1.294170806210000819e+02,3.601191268600007334e+01
1.294330514750000702e+02,3.599610773200004132e+01
1.294533314100000325e+02,3.599328736800003981e+01
1.294790145190000885e+02,3.600958893400007810e+01
1.295425724620000665e+02,3.606590403900008823e+01
1.295547949580000022e+02,3.608247791500008361e+01
1.295712996750000912e+02,3.607184479400007149e+01
1.295749617850000277e+02,3.605467357000003403e+01
1.295820418630000859e+02,3.603681061400004637e+01
1.295872501960000136e+02,3.601691315300007545e+01
1.295716437530001031e+02,3.599712436400005799e+01
1.295355895530000225e+02,3.593903563200007056e+01
1.295328390550000677e+02,3.591301291100006665e+01
1.295221343100000695e+02,3.584455221300004268e+01
1.294962164990000701e+02,3.578507393500007083e+01
1.294976505870000665e+02,3.574787018400007810e+01
1.294711258950000001e+02,3.568322229800008927e+01
1.294515757040001063e+02,3.565180228300005183e+01
1.294430533920000244e+02,3.563609001100007845e+01
1.294513757610000084e+02,3.561824332300005835e+01
1.294605899080000881e+02,3.560929422300006308e+01
1.294672751410000728e+02,3.559966756900007567e+01
1.294634879010000077e+02,3.557788335900005450e+01
1.294613512840001022e+02,3.555206138500005864e+01
1.294546004570000832e+02,3.551325104400007149e+01
1.294444279310000638e+02,3.549681224200008955e+01
1.294279891290000251e+02,3.547874583500004064e+01
1.294128524100000277e+02,3.547207265800005871e+01
1.294062606130000859e+02,3.548969147300005034e+01
1.294004012380000859e+02,3.551264069200004769e+01
1.293874617850000277e+02,3.552985260600007678e+01
1.293735457690000885e+02,3.553278229400007149e+01
1.293652449880000859e+02,3.551325104400007149e+01
1.293789168630000859e+02,3.551068756700004769e+01
1.293870548840000083e+02,3.550226471600007017e+01
1.293909611340000083e+02,3.548993561400004637e+01
1.293918563160000303e+02,3.547573476800005210e+01
1.293874617850000277e+02,3.546230703300005871e+01
1.293772078790000251e+02,3.545917389500004901e+01
1.293657332690000885e+02,3.545831940300007545e+01
1.293577580090000083e+02,3.545180898600006003e+01
1.293592228520000162e+02,3.544464752800007545e+01
1.293605034800000340e+02,3.542605606700004728e+01
1.293645813290000888e+02,3.540687005700004875e+01
1.293552619140000388e+02,3.539457178000003523e+01
1.293467872700000498e+02,3.538227253800005201e+01
1.293551297490000707e+02,3.537266731900007244e+01
1.293618139900000870e+02,3.536717183100006423e+01
1.293604435560000638e+02,3.535358307500007413e+01
1.293398750290000407e+02,3.534807423200004450e+01
1.293205132100000583e+02,3.533854547200007801e+01
1.292927198690000523e+02,3.531604908900004602e+01
1.292692055470000696e+02,3.531676652800007332e+01
1.292641262910000250e+02,3.530242761400006657e+01
1.292624001610000732e+02,3.528398874500004467e+01
1.292564841720000004e+02,3.527442152200006831e+01
1.292497345740000583e+02,3.526622774600008370e+01
1.292553817070000832e+02,3.525259023600006003e+01
1.292557072270000162e+02,3.524697500200005607e+01
1.292443903440000668e+02,3.522821804000005841e+01
1.292284790270000485e+02,3.520053055300007827e+01
1.292106926060000660e+02,3.518300137000005634e+01
1.292010840940000662e+02,3.516662808600005974e+01
1.291943465500000912e+02,3.515550364800003535e+01
1.291788955530000749e+02,3.515575745200004576e+01
1.291674798470000951e+02,3.515616830700008677e+01
1.291534123060000638e+02,3.515428294500003403e+01
1.291430770190000885e+02,3.515477122600003668e+01
1.291322045809999963e+02,3.515076644400005534e+01
1.291202571490000537e+02,3.514961672300006512e+01
1.291192966350000688e+02,3.513556719800004657e+01
1.291272805080000126e+02,3.512582503400005862e+01
1.291286011810000218e+02,3.511414797000009003e+01
1.291234700810000504e+02,3.510084547300004942e+01
1.291010781850000058e+02,3.509227615300005709e+01
1.290829663630000823e+02,3.510518478100004813e+01
1.290719980540000051e+02,3.511261736900007691e+01
1.290638404200000195e+02,3.512084709200007637e+01
1.290376272270000300e+02,3.509783422800006747e+01
1.290256896820000065e+02,3.507950224900008607e+01
1.290218618540000080e+02,3.505998310700005050e+01
1.290137536760000785e+02,3.505530728900004078e+01
1.290089571330000808e+02,3.506513447800006134e+01
1.289970261050000317e+02,3.507572809500004496e+01
1.289980147340000940e+02,3.506628118800006177e+01
1.290004015300000901e+02,3.504595001800004184e+01
1.289927699440000879e+02,3.504596265900005392e+01
1.289894054590000678e+02,3.505269402400006129e+01
1.289851115600000639e+02,3.505428378000004841e+01
1.289748641290000251e+02,3.504865143400007810e+01
1.289651246170000150e+02,3.504364879600007043e+01
1.289584473790000629e+02,3.505038704700007202e+01
1.289503604000000223e+02,3.507291301300006126e+01
1.289537036060000901e+02,3.509320167000004176e+01
1.289613409380000348e+02,3.511895463700005848e+01
1.289627776430000949e+02,3.513338599100006832e+01
1.289580099140000584e+02,3.513689688300007674e+01
1.289489440170000307e+02,3.512597467100005133e+01
1.289184195930000669e+02,3.508188205300007212e+01
1.289045929260000776e+02,3.508109865000005811e+01
1.289036353210000243e+02,3.510139002500005745e+01
1.289045859290000635e+02,3.512050992000007454e+01
1.288979256080000368e+02,3.512130533000004107e+01
1.288892521490000718e+02,3.510545482000003403e+01
1.288821860700001025e+02,3.508148477700007106e+01
1.288574024260000215e+02,3.508382307900006936e+01
1.287915554420000035e+02,3.508295320800004902e+01
1.287877732540000579e+02,3.510131859300008728e+01
1.287810769150000851e+02,3.511106214600005160e+01
1.287719883190000019e+02,3.508331323900006282e+01
1.287619708850000961e+02,3.507939238800008752e+01
1.287386894890000804e+02,3.508798762200007104e+01
1.287277938160000303e+02,3.510472239800003535e+01
1.287158309250000912e+02,3.510586172100005342e+01
1.287004500660000303e+02,3.509613678600004505e+01
1.287004500660000303e+02,3.513987864800003535e+01
1.286962996750000912e+02,3.514350006700004769e+01
1.286877547540000251e+02,3.514061107000003403e+01
1.286805119150000110e+02,3.513141510600007678e+01
1.286799422540000251e+02,3.511595286700008955e+01
1.286640731130000859e+02,3.512612539300005210e+01
1.286517033210000136e+02,3.514077383000005739e+01
1.286380314460000136e+02,3.514984772300005034e+01
1.286179305350000277e+02,3.514325592700004108e+01
1.286223250660000303e+02,3.515737539300005210e+01
1.286140242850000277e+02,3.517743561400004637e+01
1.286179305350000277e+02,3.518488190300007545e+01
1.286079207690000885e+02,3.521116771000004064e+01
1.286020613940000885e+02,3.521393463700007942e+01
1.285905867850000277e+02,3.520538971600007017e+01
1.285781356130000859e+02,3.518935781500005078e+01
1.285778914720000330e+02,3.517865631700004769e+01
1.285905867850000277e+02,3.515696849200008955e+01
1.285976668630000859e+02,3.513051992400005474e+01
1.286018172540000251e+02,3.512124258000005739e+01
1.286103621750000912e+02,3.510919830900007810e+01
1.286270451180000691e+02,3.509076569200004769e+01
1.286294865240000718e+02,3.508148834800005034e+01
1.286247664720000330e+02,3.506818268400007810e+01
1.286326603520000162e+02,3.506728750200005607e+01
1.286450301440000885e+02,3.506289297100005342e+01
1.286521102220000330e+02,3.506134674700007281e+01
1.286433211600000277e+02,3.505654531500005078e+01
1.286345320970000330e+02,3.505463288000004241e+01
1.286142684250000912e+02,3.505459219000005078e+01
1.286036076180000691e+02,3.505662669500003403e+01
1.286005965500000912e+02,3.506191640800005871e+01
1.286001082690000885e+02,3.506858958500004064e+01
1.285967716810000638e+02,3.507501862200007281e+01
1.285871688160000303e+02,3.508331940300007545e+01
1.285803328790000251e+02,3.508787669500003403e+01
1.285263778000000912e+02,3.510346100500004241e+01
1.285112410820000832e+02,3.510423411700008955e+01
1.284781193370000665e+02,3.509906647300005034e+01
1.284690861340000083e+02,3.509540436400004637e+01
1.284697371750000912e+02,3.508836497600003668e+01
1.284812931650000110e+02,3.507501862200007281e+01
1.284627384770000162e+02,3.507196686400004637e+01
1.284284774100000277e+02,3.505780670800004373e+01
1.283891707690000885e+02,3.504901764500004901e+01
1.283840438160000303e+02,3.503636302300003535e+01
1.283820906910000303e+02,3.502260976800005210e+01
1.283714298840000083e+02,3.501357656500005078e+01
1.283714298840000083e+02,3.500678131700004769e+01
1.284712020190000885e+02,3.505023834800005034e+01
1.284881291020000162e+02,3.505117422100005342e+01
1.284915470710000136e+02,3.503359609600005342e+01
1.284975692070000832e+02,3.502069733300004373e+01
1.284996037120000665e+02,3.500922272300005034e+01
1.284915470710000136e+02,3.499591705900007810e+01
1.284787703790000251e+02,3.499005768400007810e+01
1.284592391290000251e+02,3.498737213700007942e+01
1.284397078790000251e+02,3.498810455900007810e+01
1.284267684250000912e+02,3.499249909100007017e+01
1.284200138680000691e+02,3.498273346600007017e+01
1.284246525400000110e+02,3.497801341400008823e+01
1.284336857430000691e+02,3.497370026200007942e+01
1.284404403000000912e+02,3.496515534100007017e+01
1.284414168630000859e+02,3.495994700700003932e+01
1.284417423840000083e+02,3.495246002800007545e+01
1.284404403000000912e+02,3.493162669500003403e+01
1.284329533210000136e+02,3.489069245000007413e+01
1.284421492850000277e+02,3.488349030200004108e+01
1.284509383470000330e+02,3.488589101800005210e+01
1.284578556650000110e+02,3.489386627800007545e+01
1.284609481130000859e+02,3.490371328300005871e+01
1.284744572270000162e+02,3.489069245000007413e+01
1.284605412120000665e+02,3.487018463700007942e+01
1.284353133470000330e+02,3.484316640800005871e+01
1.284129295310000316e+02,3.483763508300006606e+01
1.283828827199999978e+02,3.483928967000008470e+01
1.283833965260000696e+02,3.485458744400006026e+01
1.284026798840000083e+02,3.485480377800007545e+01
1.284108992850000277e+02,3.485602448100007678e+01
1.284158634770000162e+02,3.486273834800005034e+01
1.283537703790000251e+02,3.486847565300007545e+01
1.283408309250000912e+02,3.487270742400005474e+01
1.283265080090000083e+02,3.488906484600005342e+01
1.283244735040000251e+02,3.489728424700007281e+01
1.283347274100000277e+02,3.490257396000004064e+01
1.283577580090000083e+02,3.490989817900003800e+01
1.283350529310000638e+02,3.494733307500007413e+01
1.283186955090000083e+02,3.493406810100003668e+01
1.283022567070000832e+02,3.490802643400007810e+01
1.282790633470000330e+02,3.490680573100007678e+01
1.282579044930000691e+02,3.493016185100003668e+01
1.282468367850000277e+02,3.493598053600004505e+01
1.282241317070000832e+02,3.493789297100005342e+01
1.282141219410000303e+02,3.493292877800007545e+01
1.282085880870000665e+02,3.492084381700004769e+01
1.282065535820000832e+02,3.490550364800003535e+01
1.282070418630000859e+02,3.489069245000007413e+01
1.281858830090000083e+02,3.489362213700007942e+01
1.281394149100000277e+02,3.489191315300007545e+01
1.281211043630000859e+02,3.490029531500005078e+01
1.281189884770000162e+02,3.490570709800005034e+01
1.281187443370000665e+02,3.492035553600004505e+01
1.281176863940000885e+02,3.492422109600005342e+01
1.281130477220000330e+02,3.492519765800005871e+01
1.281018986340000083e+02,3.492352936400004637e+01
1.280874943370000665e+02,3.492625560100003668e+01
1.280639754570000832e+02,3.492792389500004901e+01
1.280556746750000912e+02,3.493162669500003403e+01
1.280510360040000251e+02,3.493964264500004901e+01
1.280515242850000277e+02,3.494749583500004064e+01
1.280540470710000136e+02,3.495502350500004241e+01
1.280556746750000912e+02,3.496173737200007281e+01
1.280540470710000136e+02,3.503583405200004108e+01
1.280556746750000912e+02,3.504775625200005607e+01
1.280586043630000859e+02,3.505329010600007678e+01
1.280637313160000303e+02,3.506061432500007413e+01
1.280681258470000330e+02,3.507021719000005078e+01
1.280693465500000912e+02,3.508246491100004505e+01
1.280537215500000912e+02,3.506712474200008955e+01
1.280408634770000162e+02,3.504922109600005342e+01
1.280249943370000665e+02,3.503579336100006003e+01
1.280009871750000912e+02,3.503408437700005607e+01
1.280192977220000330e+02,3.499868398600006003e+01
1.280068465500000912e+02,3.499176666900007149e+01
1.279797469410000303e+02,3.499225495000007413e+01
1.279538680350000277e+02,3.497882721600007017e+01
1.279433699880000859e+02,3.500283437700005607e+01
1.279370223320000832e+02,3.501264069200004769e+01
1.279257918630000859e+02,3.501976146000004064e+01
1.279228621750000912e+02,3.498753489800003535e+01
1.279121199880000859e+02,3.496206289300005210e+01
1.278912052740000718e+02,3.494668203300005871e+01
1.278645125660000303e+02,3.494472890800005871e+01
1.278538517590000083e+02,3.494818756700004769e+01
1.278443302740000718e+02,3.495018138200003932e+01
1.278364363940000885e+02,3.494944896000004064e+01
1.278303328790000251e+02,3.494472890800005871e+01
1.278154403000000912e+02,3.495482005400003800e+01
1.278050236340000083e+02,3.495713939000006576e+01
1.277984318370000665e+02,3.495864492400005474e+01
1.277579044930000691e+02,3.495831940300007545e+01
1.277443953790000251e+02,3.496019114800003535e+01
1.277390242850000277e+02,3.496527741100004505e+01
1.277365828790000251e+02,3.497288646000004064e+01
1.277307235040000251e+02,3.498257070500005739e+01
1.277192488940000885e+02,3.499005768400007810e+01
1.277165633470000330e+02,3.498236725500004241e+01
1.277182723320000832e+02,3.497040436400004637e+01
1.277204695970000330e+02,3.496515534100007017e+01
1.277132267590000083e+02,3.494672272300005034e+01
1.277092391290000251e+02,3.494041575700003932e+01
1.276999617850000277e+02,3.493162669500003403e+01
1.276621199880000859e+02,3.490680573100007678e+01
1.276411238940000885e+02,3.489911530200004108e+01
1.276260685560000638e+02,3.490973541900007149e+01
1.276071883470000330e+02,3.494131094000005078e+01
1.275915633470000330e+02,3.494643789300005210e+01
1.275806583990000718e+02,3.493366120000007413e+01
1.275752873060000638e+02,3.491364166900007149e+01
1.275764266290000251e+02,3.489691803600004505e+01
1.275857039720000330e+02,3.487921784100007017e+01
1.276011662120000665e+02,3.485635000200005607e+01
1.276189070970000330e+02,3.483641185100003668e+01
1.276347762380000859e+02,3.482802969000005078e+01
1.276460067070000832e+02,3.481606679900005474e+01
1.276565047540000251e+02,3.481191640800005871e+01
1.276689559250000912e+02,3.481834544500003403e+01
1.276999617850000277e+02,3.484227122600003668e+01
1.277214461600000277e+02,3.484463125200005607e+01
1.277397567070000832e+02,3.484170156500005078e+01
1.277568465500000912e+02,3.484080638200003932e+01
1.277756453790000251e+02,3.484906647300005034e+01
1.277745060560000638e+02,3.482933177300003535e+01
1.277712508470000330e+02,3.481533437700005607e+01
1.277613224620000665e+02,3.478705475500004241e+01
1.277498478520000162e+02,3.473712799700007281e+01
1.277415470710000136e+02,3.472557200700003932e+01
1.277063908210000136e+02,3.471588776200007942e+01
1.276785587900000110e+02,3.472736237200007281e+01
1.276562606130000859e+02,3.473126862200007281e+01
1.276379500660000303e+02,3.469822825700003932e+01
1.276320906910000303e+02,3.470140208500004064e+01
1.276306258470000330e+02,3.470111725500004241e+01
1.276292423840000083e+02,3.469928620000007413e+01
1.276242781910000303e+02,3.469822825700003932e+01
1.276320906910000303e+02,3.468504466400008823e+01
1.276379500660000303e+02,3.467096588700007942e+01
1.276452742850000277e+02,3.462628815300007545e+01
1.276407169930000691e+02,3.461798737200007281e+01
1.276303817070000832e+02,3.462270742400005474e+01
1.276140242850000277e+02,3.463686758000005739e+01
1.275900985040000251e+02,3.463930898600006003e+01
1.275722762380000859e+02,3.464740631700004769e+01
1.275608016290000251e+02,3.466217682500007413e+01
1.275559188160000303e+02,3.468455638200003932e+01
1.275620223320000832e+02,3.470571523600006003e+01
1.275750431650000110e+02,3.472654857000003403e+01
1.275844832690000885e+02,3.474624258000005739e+01
1.275798445970000330e+02,3.476312897300005034e+01
1.275717879570000832e+02,3.477252838700007942e+01
1.275559188160000303e+02,3.480072663000004241e+01
1.275517684250000912e+02,3.480292389500004901e+01
1.275461531910000303e+02,3.480304596600007017e+01
1.275402938160000303e+02,3.480377838700007942e+01
1.275354110040000251e+02,3.480809153900008823e+01
1.275349227220000330e+02,3.481321849200008955e+01
1.275366317070000832e+02,3.481924062700005607e+01
1.275395613940000885e+02,3.482306549700007281e+01
1.275244246750000912e+02,3.484926992400005474e+01
1.275218205090000083e+02,3.485903554900005474e+01
1.275227156910000303e+02,3.486493561400004637e+01
1.275271102220000330e+02,3.487470123900004637e+01
1.275280867850000277e+02,3.487982819200004769e+01
1.275258895190000885e+02,3.488544342700004108e+01
1.275212508470000330e+02,3.488983795800004373e+01
1.275166121750000912e+02,3.489109935100003668e+01
1.275144149100000277e+02,3.488694896000004064e+01
1.275109969410000303e+02,3.488471100500004241e+01
1.274939070970000330e+02,3.484906647300005034e+01
1.274873153000000912e+02,3.484149811400004637e+01
1.274838973320000832e+02,3.483954498900004637e+01
1.274787703790000251e+02,3.483905670800004373e+01
1.274446720710000136e+02,3.482916901200007942e+01
1.274248153000000912e+02,3.482713450700003932e+01
1.273816024100000277e+02,3.482802969000005078e+01
1.273653263680000691e+02,3.482404205900007810e+01
1.273785099620000665e+02,3.481513092700004108e+01
1.274043074880000859e+02,3.480585358300004373e+01
1.274255477220000330e+02,3.480072663000004241e+01
1.274255477220000330e+02,3.479441966400008823e+01
1.273830672540000251e+02,3.478327057500007413e+01
1.273615828790000251e+02,3.477334219000005078e+01
1.273579207690000885e+02,3.475971100500004241e+01
1.273664656910000303e+02,3.475397370000007413e+01
1.273852645190000885e+02,3.476019928600004505e+01
1.273952742850000277e+02,3.475665924700007281e+01
1.274023543630000859e+02,3.474713776200007942e+01
1.274002384770000162e+02,3.474363841400008823e+01
1.273948673840000083e+02,3.474249909100007017e+01
1.273921004570000832e+02,3.473981354400007149e+01
1.274060164720000330e+02,3.470001862200007281e+01
1.274349064460000136e+02,3.467869700700003932e+01
1.274661564460000136e+02,3.466217682500007413e+01
1.274875594410000303e+02,3.463686758000005739e+01
1.274773055350000277e+02,3.463816966400008823e+01
1.274597274100000277e+02,3.463825104400007149e+01
1.274522404310000638e+02,3.463686758000005739e+01
1.274952091810000638e+02,3.462323639500004901e+01
1.275007594670000799e+02,3.461216386700004932e+01
1.275035898500000258e+02,3.459132477300005348e+01
1.274944402210001044e+02,3.458377660800005060e+01
1.274841414720000330e+02,3.457656484600005342e+01
1.274646102220000330e+02,3.457733795800004373e+01
1.274522404310000638e+02,3.457477448100007678e+01
1.274067488940000885e+02,3.459813060100003668e+01
1.273921004570000832e+02,3.460203685100003668e+01
1.273791610040000251e+02,3.460000234600005342e+01
1.273630477220000330e+02,3.459389883000005739e+01
1.273493758470000330e+02,3.458584219000005078e+01
1.273435978520000162e+02,3.457819245000007413e+01
1.273459578790000251e+02,3.457501862200007281e+01
1.273579207690000885e+02,3.455426666900007149e+01
1.273719404040000427e+02,3.455173335900008169e+01
1.273804082690000996e+02,3.454710467500007098e+01
1.274184186260000615e+02,3.455528036900005873e+01
1.274392195970000330e+02,3.454067617400005474e+01
1.273917880129999958e+02,3.450477960100005248e+01
1.273749409680000326e+02,3.448503656900004444e+01
1.273566183940000656e+02,3.449196473000006335e+01
1.273278017280000540e+02,3.447392946100006839e+01
1.273308211600000277e+02,3.445648834800005034e+01
1.273435978520000162e+02,3.444501373900004637e+01
1.273159255040000062e+02,3.444490102000008847e+01
1.272750818010000557e+02,3.448945330000003651e+01
1.272609969410000303e+02,3.451333242400005474e+01
1.272234806650000110e+02,3.454682038000004241e+01
1.272120060560000638e+02,3.454466380400003800e+01
1.271723738940000885e+02,3.452757396000004064e+01
1.271763615240000718e+02,3.451732005400003800e+01
1.271792098320000832e+02,3.451333242400005474e+01
1.271629337900000110e+02,3.451797109600005342e+01
1.271472274100000277e+02,3.452049388200003932e+01
1.271337996750000912e+02,3.452631256700004769e+01
1.271245223320000832e+02,3.454067617400005474e+01
1.271233016290000251e+02,3.455536530200004108e+01
1.271296492850000277e+02,3.456391022300005034e+01
1.271518660820000832e+02,3.457477448100007678e+01
1.271590275400000110e+02,3.458002350500004241e+01
1.271792098320000832e+02,3.460203685100003668e+01
1.271916610040000251e+02,3.462360260600007678e+01
1.271988224620000665e+02,3.463100820500005739e+01
1.272133895190000885e+02,3.463686758000005739e+01
1.272124129570000832e+02,3.462018463700007942e+01
1.272075301440000885e+02,3.460398997600003668e+01
1.271928817070000832e+02,3.457477448100007678e+01
1.272221785820000832e+02,3.457636139500004901e+01
1.272466740240000718e+02,3.458372630400003800e+01
1.272613224620000665e+02,3.460040924700007281e+01
1.272609969410000303e+02,3.462995026200007942e+01
1.272551375660000303e+02,3.464150625200005607e+01
1.272474064460000136e+02,3.464809804900005474e+01
1.272414656910000303e+02,3.465582916900007149e+01
1.272405705090000083e+02,3.467096588700007942e+01
1.272459416020000162e+02,3.467890045800004373e+01
1.272747501960000136e+02,3.470514557500007413e+01
1.272851668630000859e+02,3.470062897300005034e+01
1.272920028000000912e+02,3.469452545800004373e+01
1.272937117850000277e+02,3.468671295800004373e+01
1.272884220710000136e+02,3.467719147300005034e+01
1.272944442070000832e+02,3.466412995000007413e+01
1.273029891290000251e+02,3.465501536700008955e+01
1.273144637380000859e+02,3.465192291900007149e+01
1.273299259770000162e+02,3.465668366100004505e+01
1.273364363940000885e+02,3.466364166900007149e+01
1.273501082690000885e+02,3.468781159100007017e+01
1.273579207690000885e+02,3.469822825700003932e+01
1.273440047540000251e+02,3.471527741100004505e+01
1.273386336600000277e+02,3.473309967700004108e+01
1.273315535820000832e+02,3.474115631700004769e+01
1.273125919930000691e+02,3.472898997600003668e+01
1.272907820970000330e+02,3.472138092700004108e+01
1.272727156910000303e+02,3.473379140800005871e+01
1.272480574880000859e+02,3.476654694200004769e+01
1.272338973320000832e+02,3.474823639500004901e+01
1.272137150400000110e+02,3.470555247600003668e+01
1.271997176440000885e+02,3.469147370000007413e+01
1.271853133470000330e+02,3.468667226800005210e+01
1.271731063160000303e+02,3.468720123900004637e+01
1.271480412120000665e+02,3.469147370000007413e+01
1.271362410820000832e+02,3.468805573100007678e+01
1.271252547540000251e+02,3.467975495000007413e+01
1.271071883470000330e+02,3.466010163000004241e+01
1.270991317070000832e+02,3.465448639500004901e+01
1.270625106130000859e+02,3.463686758000005739e+01
1.270427352220000330e+02,3.462445709800005034e+01
1.270300399100000277e+02,3.461835358300004373e+01
1.270178328790000251e+02,3.461570872600003668e+01
1.270102645190000885e+02,3.461249420800004373e+01
1.270085555350000277e+02,3.460423411700008955e+01
1.270090438160000303e+02,3.459320709800005034e+01
1.270071720710000136e+02,3.458152903900008823e+01
1.270005802740000718e+02,3.457330963700007942e+01
1.269913029310000638e+02,3.456435781500005078e+01
1.269866642590000083e+02,3.455369700700003932e+01
1.269941512380000859e+02,3.454067617400005474e+01
1.269389754570000832e+02,3.449591705900007810e+01
1.269407658210000136e+02,3.445457591400008823e+01
1.269314070970000330e+02,3.444769928600004505e+01
1.269047957690000885e+02,3.445868561400004637e+01
1.268960067070000832e+02,3.444993724200008955e+01
1.268918563160000303e+02,3.444013092700004108e+01
1.268923445970000330e+02,3.442938873900004637e+01
1.268979598320000832e+02,3.441771067900003800e+01
1.268850203790000251e+02,3.442108795800004373e+01
1.268570255870000665e+02,3.443756745000007413e+01
1.268186141290000251e+02,3.444684479400007149e+01
1.268098250660000303e+02,3.445123932500007413e+01
1.268020125660000303e+02,3.447040436400004637e+01
1.268061629570000832e+02,3.452106354400007149e+01
1.268023380870000665e+02,3.454067617400005474e+01
1.268078719410000303e+02,3.455316803600004505e+01
1.268066512380000859e+02,3.456854889500004901e+01
1.268000594410000303e+02,3.458201732000003403e+01
1.267886662120000665e+02,3.458905670800004373e+01
1.267778426440000885e+02,3.458649323100007678e+01
1.267669376960000136e+02,3.457802969000005078e+01
1.267585555350000277e+02,3.456720612200007281e+01
1.267552189460000136e+02,3.455768463700007942e+01
1.267592879570000832e+02,3.454385000200005607e+01
1.267656356130000859e+02,3.453180573100007678e+01
1.267659611340000083e+02,3.452338288000004241e+01
1.267351180350000277e+02,3.451487864800003535e+01
1.267391056650000110e+02,3.450267161700008955e+01
1.267614852220000330e+02,3.447919342700004108e+01
1.267231551440000885e+02,3.446084219000005078e+01
1.267087508470000330e+02,3.444989655200004108e+01
1.267236434250000912e+02,3.444501373900004637e+01
1.267270613940000885e+02,3.444277578300005871e+01
1.267280379570000832e+02,3.443789297100005342e+01
1.267268986340000083e+02,3.443301015800005871e+01
1.267236434250000912e+02,3.443081289300005210e+01
1.267175399100000277e+02,3.443183014500004901e+01
1.267082625660000303e+02,3.443646881700004769e+01
1.267033797540000251e+02,3.443756745000007413e+01
1.266901961600000277e+02,3.443593984600005342e+01
1.266875106130000859e+02,3.443134186400004637e+01
1.266873478520000162e+02,3.442389557500007413e+01
1.266822208990000718e+02,3.441400788000004241e+01
1.266744083990000718e+02,3.440965403900008823e+01
1.266447860040000251e+02,3.440346914300005210e+01
1.266336369150000110e+02,3.439569733300004373e+01
1.266296492850000277e+02,3.438922760600007678e+01
1.266053166020000162e+02,3.432168203300005871e+01
1.266032820970000330e+02,3.431199778900008823e+01
1.266032820970000330e+02,3.430044179900005474e+01
1.265788680350000277e+02,3.430475495000007413e+01
1.265328068370000665e+02,3.429222239800003535e+01
1.265212508470000330e+02,3.429417552300003535e+01
1.265198673840000083e+02,3.430597565300007545e+01
1.265293074880000859e+02,3.433002350500004241e+01
1.265274357430000691e+02,3.434137604400007149e+01
1.265183211600000277e+02,3.434784577000004901e+01
1.265057072270000162e+02,3.434992096600007017e+01
1.264795841810000638e+02,3.434882233300004373e+01
1.264795841810000638e+02,3.435504791900007149e+01
1.264848738940000885e+02,3.436082591400008823e+01
1.264865828790000251e+02,3.436481354400007149e+01
1.264885360040000251e+02,3.438056061400004637e+01
1.264919539720000330e+02,3.438108958500004064e+01
1.264964298840000083e+02,3.437986888200003932e+01
1.265007430350000277e+02,3.438231028900008823e+01
1.265149031910000303e+02,3.440355052300003535e+01
1.265175887380000859e+02,3.441376373900004637e+01
1.265137638680000691e+02,3.442397695500005739e+01
1.265087996750000912e+02,3.442723216400008823e+01
1.265014754570000832e+02,3.442934804900005474e+01
1.264865828790000251e+02,3.443081289300005210e+01
1.264758406910000303e+02,3.443325429900005474e+01
1.264743758470000330e+02,3.443866608300004373e+01
1.264773055350000277e+02,3.444358958500004064e+01
1.264795841810000638e+02,3.444501373900004637e+01
1.264799910820000832e+02,3.445783112200007281e+01
1.264837345710000136e+02,3.447016022300005034e+01
1.264819442070000832e+02,3.447675202000004901e+01
1.264659123060000638e+02,3.447235748900004637e+01
1.264703068370000665e+02,3.449648672100005342e+01
1.264902449880000859e+02,3.450861237200007281e+01
1.265168563160000303e+02,3.451284414300005210e+01
1.265417586600000277e+02,3.451333242400005474e+01
1.265372013680000691e+02,3.452106354400007149e+01
1.265310164720000330e+02,3.452700429900005474e+01
1.265232039720000330e+02,3.453115469000005078e+01
1.265137638680000691e+02,3.453384023600006003e+01
1.265295516290000251e+02,3.454295482000003403e+01
1.265393172540000251e+02,3.455361562700005607e+01
1.265396427740000718e+02,3.456297435100003668e+01
1.265274357430000691e+02,3.456854889500004901e+01
1.265229598320000832e+02,3.456708405200004108e+01
1.265139266290000251e+02,3.455780670800004373e+01
1.265075789720000330e+02,3.455426666900007149e+01
1.264992781910000303e+02,3.455434804900005474e+01
1.264863387380000859e+02,3.456093984600005342e+01
1.264795841810000638e+02,3.456110260600007678e+01
1.264734806650000110e+02,3.455654531500005078e+01
1.264693302740000718e+02,3.454970937700005607e+01
1.264659123060000638e+02,3.454067617400005474e+01
1.264570418630000859e+02,3.453904857000003403e+01
1.264484969410000303e+02,3.453929271000004064e+01
1.264387313160000303e+02,3.454067617400005474e+01
1.264173283210000136e+02,3.454035065300007545e+01
1.264056095710000136e+02,3.453864166900007149e+01
1.263908797540000251e+02,3.453384023600006003e+01
1.263890080090000083e+02,3.454970937700005607e+01
1.263804630870000665e+02,3.455890534100007017e+01
1.263567000660000303e+02,3.456854889500004901e+01
1.263570255870000665e+02,3.457172272300005034e+01
1.263520613940000885e+02,3.457977936400004637e+01
1.263460392590000083e+02,3.458462148600006003e+01
1.263430281910000303e+02,3.457819245000007413e+01
1.263400985040000251e+02,3.457436758000005739e+01
1.263330184250000912e+02,3.457099030200004108e+01
1.263249617850000277e+02,3.456964752800007545e+01
1.263186141290000251e+02,3.457168203300005871e+01
1.262978621750000912e+02,3.458803945500005739e+01
1.262952580090000083e+02,3.458905670800004373e+01
1.262918400400000110e+02,3.459910716400008823e+01
1.262935490240000718e+02,3.460199616100004505e+01
1.262976180350000277e+02,3.460333893400007810e+01
1.263015242850000277e+02,3.460887278900008823e+01
1.263055119150000110e+02,3.460419342700004108e+01
1.263155216810000638e+02,3.460407135600007678e+01
1.263227645190000885e+02,3.460887278900008823e+01
1.263186141290000251e+02,3.461912669500003403e+01
1.262918400400000110e+02,3.462995026200007942e+01
1.262710880870000665e+02,3.464248281500005078e+01
1.262693791020000162e+02,3.467129140800005871e+01
1.262780867850000277e+02,3.470331452000004901e+01
1.262885848320000832e+02,3.472557200700003932e+01
1.262896427740000718e+02,3.473314036700008955e+01
1.262888289720000330e+02,3.474241771000004064e+01
1.262902938160000303e+02,3.475023021000004064e+01
1.262984318370000665e+02,3.475348541900007149e+01
1.263059188160000303e+02,3.475287506700004769e+01
1.263137313160000303e+02,3.475104401200007942e+01
1.263195906910000303e+02,3.474774811400004637e+01
1.263261824880000859e+02,3.473582591400008823e+01
1.263567000660000303e+02,3.469822825700003932e+01
1.263471785820000832e+02,3.468789297100005342e+01
1.263442488940000885e+02,3.467788320500005739e+01
1.263459578790000251e+02,3.466766998900004637e+01
1.263492130870000665e+02,3.465668366100004505e+01
1.263698836600000277e+02,3.460887278900008823e+01
1.263823348320000832e+02,3.460272858300004373e+01
1.264318953790000251e+02,3.459589264500004901e+01
1.264531356130000859e+02,3.458380768400007810e+01
1.264646102220000330e+02,3.458466217700004108e+01
1.264727482430000691e+02,3.460203685100003668e+01
1.264615177740000718e+02,3.460065338700007942e+01
1.264555770190000885e+02,3.460309479400007149e+01
1.264349971470001037e+02,3.460678590300005908e+01
1.264252993120001065e+02,3.461927176900007908e+01
1.264125665420000360e+02,3.462976606800003765e+01
1.264161076180000691e+02,3.465273672100005342e+01
1.264029017750000321e+02,3.465074783000005709e+01
1.263965190110000094e+02,3.463660422200007361e+01
1.263861337410000942e+02,3.463583540500007985e+01
1.263798547869999993e+02,3.465450554200003808e+01
1.263767754240000158e+02,3.467947015200007854e+01
1.263843793720000122e+02,3.469369878600008406e+01
1.263786128890000100e+02,3.471118216300004633e+01
1.264059694750000062e+02,3.471340801300004841e+01
1.264478811570000971e+02,3.470587856300005569e+01
1.264533363520000648e+02,3.469788382400008686e+01
1.264506942070000832e+02,3.468488190300007545e+01
1.264509383470000330e+02,3.468085358300004373e+01
1.264505314460000136e+02,3.467698802300003535e+01
1.264528914720000330e+02,3.467096588700007942e+01
1.264633059940000521e+02,3.466542139300008785e+01
1.264693624860000227e+02,3.465867434500006539e+01
1.264823997839999947e+02,3.465166988900006118e+01
1.265003454650000094e+02,3.464581857600006742e+01
1.265111932700000352e+02,3.463715482700007442e+01
1.265251259210000399e+02,3.462890229200007752e+01
1.265357113300000265e+02,3.462317762500003937e+01
1.265400496750000912e+02,3.462759023600006003e+01
1.265191113450000557e+02,3.465036980700006097e+01
1.265315560620000497e+02,3.465259658800005127e+01
1.265500378420000516e+02,3.464383003300008568e+01
1.265738725790000672e+02,3.463311135300006072e+01
1.266027010030001065e+02,3.462553248100005021e+01
1.266236271490000718e+02,3.462995026200007942e+01
1.266025496750000912e+02,3.463287995000007413e+01
1.265854598320000832e+02,3.464179108300004373e+01
1.265554305350000277e+02,3.466351959800005034e+01
1.265627547540000251e+02,3.467096588700007942e+01
1.265411076180000691e+02,3.468398672100005342e+01
1.265083927740000718e+02,3.471849192900003800e+01
1.264902449880000859e+02,3.472557200700003932e+01
1.264653426440000885e+02,3.472968170800004373e+01
1.264357674410000527e+02,3.472810539400006746e+01
1.264153751960000136e+02,3.473899974200008955e+01
1.263901786020001055e+02,3.473339745500004483e+01
1.263670599460000403e+02,3.473966441200008148e+01
1.263640169080000533e+02,3.474916010800006916e+01
1.263783168730000170e+02,3.476388770600004818e+01
1.263923284070000363e+02,3.476860745200008296e+01
1.264221279070000037e+02,3.476478357100006633e+01
1.264601485990000356e+02,3.477875539200005051e+01
1.265058699880000859e+02,3.475104401200007942e+01
1.265212508470000330e+02,3.475348541900007149e+01
1.265251570970000330e+02,3.475128815300007545e+01
1.265275985040000251e+02,3.474925364800003535e+01
1.265302840500000912e+02,3.474750397300005034e+01
1.265349227220000330e+02,3.474603913000004241e+01
1.265305281910000303e+02,3.476528554900005474e+01
1.265324813160000303e+02,3.478286367400005474e+01
1.265444442070000832e+02,3.479572174700007281e+01
1.265689396490000718e+02,3.480072663000004241e+01
1.266147567070000832e+02,3.478945547100005342e+01
1.266381942070000832e+02,3.478803131700004769e+01
1.266311141290000251e+02,3.480072663000004241e+01
1.266465763680000691e+02,3.480711497600003668e+01
1.266548771490000718e+02,3.480853913000004241e+01
1.266652938160000303e+02,3.480809153900008823e+01
1.266504012380000859e+02,3.482217031500005078e+01
1.266276961600000277e+02,3.482558828300005871e+01
1.265757755870000665e+02,3.482176341400008823e+01
1.265796818370000665e+02,3.483144765800005871e+01
1.265783797540000251e+02,3.483803945500005739e+01
1.265757755870000665e+02,3.484487539300005210e+01
1.265757755870000665e+02,3.485529205900007810e+01
1.265794376960000136e+02,3.486188385600007678e+01
1.265847274100000277e+02,3.486676666900007149e+01
1.265891219410000303e+02,3.487287018400007810e+01
1.265894474620000665e+02,3.488324616100004505e+01
1.265813908210000136e+02,3.489801666900007149e+01
1.265676375660000303e+02,3.490143463700007942e+01
1.265527449880000859e+02,3.489569733300004373e+01
1.265417586600000277e+02,3.488324616100004505e+01
1.265405379570000832e+02,3.487494538000004241e+01
1.265471297540000251e+02,3.485809967700004108e+01
1.265485945970000330e+02,3.484906647300005034e+01
1.265468856130000859e+02,3.484772370000007413e+01
1.265349227220000330e+02,3.482802969000005078e+01
1.265236922540000251e+02,3.479393138200003932e+01
1.265132755870000665e+02,3.478229401200007942e+01
1.264934188160000303e+02,3.478082916900007149e+01
1.264934188160000303e+02,3.478314850500004241e+01
1.264871525400000110e+02,3.478705475500004241e+01
1.264912215500000912e+02,3.479238515800005871e+01
1.264965926440000885e+02,3.480280182500007413e+01
1.265007430350000277e+02,3.480809153900008823e+01
1.264871525400000110e+02,3.481378815300007545e+01
1.264780379570000832e+02,3.481045156500005078e+01
1.264692488940000885e+02,3.480410390800005871e+01
1.264560653000000912e+02,3.480072663000004241e+01
1.264294539720000330e+02,3.480560944200004769e+01
1.264209904310000638e+02,3.480231354400007149e+01
1.264193179080000391e+02,3.479198817900004315e+01
1.264056095710000136e+02,3.479218170800004373e+01
1.263840438160000303e+02,3.478632233300004373e+01
1.263735457690000885e+02,3.479071686400004637e+01
1.263701278000000912e+02,3.480133698100007678e+01
1.263772892590000083e+02,3.481126536700008955e+01
1.263977156910000303e+02,3.482802969000005078e+01
1.264051212900000110e+02,3.483722565300007545e+01
1.264092716810000638e+02,3.484446849200008955e+01
1.264109806650000110e+02,3.485126373900004637e+01
1.264113875660000303e+02,3.485903554900005474e+01
1.264087020190000885e+02,3.487396881700004769e+01
1.264121199880000859e+02,3.488133372600003668e+01
1.264250594410000303e+02,3.489069245000007413e+01
1.264126082690000885e+02,3.489874909100007017e+01
1.264017033210000136e+02,3.491547272300005034e+01
1.263957625660000303e+02,3.493504466400008823e+01
1.263977156910000303e+02,3.495148346600007017e+01
1.264116317070000832e+02,3.496198151200007942e+01
1.264305119150000110e+02,3.497260163000004241e+01
1.264363712900000110e+02,3.498139069200004769e+01
1.264113875660000303e+02,3.498627350500004241e+01
1.263999943370000665e+02,3.498456452000004901e+01
1.263933211600000277e+02,3.497980377800007545e+01
1.263879500660000303e+02,3.497483958500004064e+01
1.263803817070000832e+02,3.497260163000004241e+01
1.263706160820000832e+02,3.496849192900003800e+01
1.263720809250000912e+02,3.495872630400003800e+01
1.263769637380000859e+02,3.494725169500003403e+01
1.263772892590000083e+02,3.493789297100005342e+01
1.263632918630000859e+02,3.492743561400004637e+01
1.263452254570000832e+02,3.492641836100006003e+01
1.263277287120000665e+02,3.493109772300005034e+01
1.263151961600000277e+02,3.493789297100005342e+01
1.263247176440000885e+02,3.494326406500005078e+01
1.263288680350000277e+02,3.494472890800005871e+01
1.263200789720000330e+02,3.494989655200004108e+01
1.263125919930000691e+02,3.495612213700007942e+01
1.263064070970000330e+02,3.496356842700004108e+01
1.263015242850000277e+02,3.497260163000004241e+01
1.263129988940000885e+02,3.497744375200005607e+01
1.263242293630000859e+02,3.497695547100005342e+01
1.263492130870000665e+02,3.497260163000004241e+01
1.263462020190000885e+02,3.499408600500004241e+01
1.263741154310000638e+02,3.501683177300003535e+01
1.263667098320000832e+02,3.503778717700004108e+01
1.263382267590000083e+02,3.507013580900007810e+01
1.263206486340000083e+02,3.508331940300007545e+01
1.263015242850000277e+02,3.508869049700007281e+01
1.263094181650000110e+02,3.506622955900007810e+01
1.263025008470000330e+02,3.505337148600006003e+01
1.262883406910000303e+02,3.505296458500004064e+01
1.262741805350000277e+02,3.506818268400007810e+01
1.262835392590000083e+02,3.507884349200008955e+01
1.262578231130000859e+02,3.510683828300005871e+01
1.262542423840000083e+02,3.512343984600005342e+01
1.262686466810000638e+02,3.513715241100004505e+01
1.262890731130000859e+02,3.513939036700008955e+01
1.263072208990000718e+02,3.513178131700004769e+01
1.263151961600000277e+02,3.511595286700008955e+01
1.263278914720000330e+02,3.512262604400007149e+01
1.263349715500000912e+02,3.513410065300007545e+01
1.263430281910000303e+02,3.515696849200008955e+01
1.263501082690000885e+02,3.514557526200007942e+01
1.263514103520000162e+02,3.513597239800003535e+01
1.263487248060000638e+02,3.511749909100007017e+01
1.263442488940000885e+02,3.510814036700008955e+01
1.263430281910000303e+02,3.510236237200007281e+01
1.263449813160000303e+02,3.509642161700008955e+01
1.263489689460000136e+02,3.509642161700008955e+01
1.263536076180000691e+02,3.509784577000004901e+01
1.263567000660000303e+02,3.509613678600004505e+01
1.263606876960000136e+02,3.508295319200004769e+01
1.263616642590000083e+02,3.507729726800005210e+01
1.263653263680000691e+02,3.507404205900007810e+01
1.263772892590000083e+02,3.506818268400007810e+01
1.263869735040000251e+02,3.506537506700004769e+01
1.264038192070000832e+02,3.506488678600004505e+01
1.264113875660000303e+02,3.506134674700007281e+01
1.264056095710000136e+02,3.504995351800005210e+01
1.264072371750000912e+02,3.503896719000005078e+01
1.264143986340000083e+02,3.502875397300005034e+01
1.264250594410000303e+02,3.501976146000004064e+01
1.264502873060000638e+02,3.506659577000004901e+01
1.264528914720000330e+02,3.508246491100004505e+01
1.264524031910000303e+02,3.510028717700004108e+01
1.264475203790000251e+02,3.510667552300003535e+01
1.264287215500000912e+02,3.511054108300004373e+01
1.264207462900000110e+02,3.511420319200004769e+01
1.264141544930000691e+02,3.511969635600007678e+01
1.264039005870000665e+02,3.514215729400007149e+01
1.263711043630000859e+02,3.517352936400004637e+01
1.263635360040000251e+02,3.518797435100003668e+01
1.263657332690000885e+02,3.519285716400008823e+01
1.263703719410000303e+02,3.519696686400004637e+01
1.263750919930000691e+02,3.520237864800003535e+01
1.263772892590000083e+02,3.521161530200004108e+01
1.263667098320000832e+02,3.521771881700004769e+01
1.263615828790000251e+02,3.522565338700007942e+01
1.263635360040000251e+02,3.523948802300003535e+01
1.263506779310000638e+02,3.523533763200003932e+01
1.263374129570000832e+02,3.523358795800004373e+01
1.263089298840000083e+02,3.523330312700005607e+01
1.263200789720000330e+02,3.524457428600004505e+01
1.263383895190000885e+02,3.524803294500003403e+01
1.263591414720000330e+02,3.524896881700004769e+01
1.263772892590000083e+02,3.525259023600006003e+01
1.263713485040000251e+02,3.525446198100007678e+01
1.263681746750000912e+02,3.525674062700005607e+01
1.263645125660000303e+02,3.525873444200004769e+01
1.263567000660000303e+02,3.525999583500004064e+01
1.263615828790000251e+02,3.526902903900008823e+01
1.263674422540000251e+02,3.527431875200005607e+01
1.263738712900000110e+02,3.527838776200007942e+01
1.263803817070000832e+02,3.528416575700003932e+01
1.263837996750000912e+02,3.529173411700008955e+01
1.263821720710000136e+02,3.529828522300005034e+01
1.263789982430000691e+02,3.530459219000005078e+01
1.263772892590000083e+02,3.531150950700003932e+01
1.263807072270000162e+02,3.532709381700004769e+01
1.263894149100000277e+02,3.534247467700004108e+01
1.264113875660000303e+02,3.536985911700008955e+01
1.264172469410000303e+02,3.536489492400005474e+01
1.264318953790000251e+02,3.534935130400003800e+01
1.264495548840000083e+02,3.534495677300003535e+01
1.264585067070000832e+02,3.534544505400003800e+01
1.264560653000000912e+02,3.535276927300003535e+01
1.264231063160000303e+02,3.538336823100007678e+01
1.264182235040000251e+02,3.539402903900008823e+01
1.264255477220000330e+02,3.541766998900004637e+01
1.264427189460000136e+02,3.544692617400005474e+01
1.264698142350000580e+02,3.549852640700004258e+01
1.264926632789999985e+02,3.552533300700008567e+01
1.265252829910000401e+02,3.553485769700006358e+01
1.265624499689999993e+02,3.554108744400008391e+01
1.265942327010000099e+02,3.554248771200008150e+01
1.266088942950000273e+02,3.555205609100005404e+01
1.266229774910000287e+02,3.556861206000007769e+01
1.266428893990000688e+02,3.557277499300005275e+01
1.266607365240000718e+02,3.555646393400007810e+01
1.266790470710000136e+02,3.553803131700004769e+01
1.266924748060000638e+02,3.553436920800004373e+01
1.266794539720000330e+02,3.557172272300005034e+01
1.266701766290000251e+02,3.558869049700007281e+01
1.266550399100000277e+02,3.559577057500007413e+01
1.265131577810000181e+02,3.557689651800006914e+01
1.264637359960000822e+02,3.560197285700007797e+01
1.264667436340000677e+02,3.562887469100007820e+01
1.264675589910000326e+02,3.563963844700003847e+01
1.264909774100000277e+02,3.564911530200004108e+01
1.265114156950000961e+02,3.566553251100003763e+01
1.265303347220000205e+02,3.568316430500004799e+01
1.265603457470000421e+02,3.569739179500004411e+01
1.265971677010001031e+02,3.571389019400004372e+01
1.266251322500000924e+02,3.574562583500005530e+01
1.266293890080000892e+02,3.577548057900008871e+01
1.266447547200000372e+02,3.578290180400006193e+01
1.266561167210001031e+02,3.578873572100008005e+01
1.266621536680000872e+02,3.579299834500005772e+01
1.266980229470000268e+02,3.579593945900006702e+01
1.267331272280000576e+02,3.579241505100003451e+01
1.267553817070000832e+02,3.577846914300005210e+01
1.267713322270000162e+02,3.577521393400007810e+01
1.267819930350000277e+02,3.576023997600003668e+01
1.267861434250000912e+02,3.576837799700007281e+01
1.267895613940000885e+02,3.577968984600005342e+01
1.267910262380000859e+02,3.579144928600004505e+01
1.267776682480000545e+02,3.580009244600006468e+01
1.267684647440000845e+02,3.580555532700003596e+01
1.267493441320000329e+02,3.581325744000008626e+01
1.267276222850000522e+02,3.582527849800004560e+01
1.267099715500000912e+02,3.583600495000007413e+01
1.267006942070000832e+02,3.583982982000003403e+01
1.267033797540000251e+02,3.584845612200007281e+01
1.267116805350000277e+02,3.585773346600007017e+01
1.267199813160000303e+02,3.586326732000003403e+01
1.267290958990000718e+02,3.586497630400003800e+01
1.267849227220000330e+02,3.586204661700008955e+01
1.267971297540000251e+02,3.586286041900007149e+01
1.268061629570000832e+02,3.586668528900008823e+01
1.268122664720000330e+02,3.587567780200004108e+01
1.268145451180000691e+02,3.588304271000004064e+01
1.268193465500000912e+02,3.588812897300005034e+01
1.268330998060000638e+02,3.589004140800005871e+01
1.268374943370000665e+02,3.589329661700008955e+01
1.268322860040000251e+02,3.590062083500004064e+01
1.268216251960000136e+02,3.590814850500004241e+01
1.268098250660000303e+02,3.591168854400007149e+01
1.268066512380000859e+02,3.590965403900008823e+01
1.267331649100000277e+02,3.588556549700007281e+01
1.267085067070000832e+02,3.588458893400007810e+01
1.266600909960000081e+02,3.588715780100005759e+01
1.266122889320000695e+02,3.589022422000005008e+01
1.266118381510000290e+02,3.590743966800005182e+01
1.266088093030000437e+02,3.593112676400005512e+01
1.265995757350000304e+02,3.593765363000005664e+01
1.265697397400000455e+02,3.594595198400008940e+01
1.265257356580000305e+02,3.594035890900005370e+01
1.265214167360001056e+02,3.597052000300004693e+01
1.266120459710000432e+02,3.597843008900008499e+01
1.266613351470000453e+02,3.598339864800004761e+01
1.267111922540000251e+02,3.598578522300005034e+01
1.267273055350000277e+02,3.599363841400008823e+01
1.267444767590000083e+02,3.598956940300007545e+01
1.267654728520000162e+02,3.599827708500004064e+01
1.268023380870000665e+02,3.602094147300005034e+01
1.268491317070000832e+02,3.603603750200005607e+01
1.268689070970000330e+02,3.604751211100006003e+01
1.268706974620000665e+02,3.606195709800005034e+01
1.268121037120000665e+02,3.604730866100004505e+01
1.267915145190000885e+02,3.604218170800004373e+01
1.267713322270000162e+02,3.603091054900005474e+01
1.267544051440000885e+02,3.601772695500005739e+01
1.267356876960000136e+02,3.601044342700004108e+01
1.267133895190000885e+02,3.600739166900007149e+01
1.266924748060000638e+02,3.599990469000005078e+01
1.266772567070000832e+02,3.600592682500007413e+01
1.266721297540000251e+02,3.601288483300004373e+01
1.266705021490000718e+02,3.602204010600007678e+01
1.266652938160000303e+02,3.603461334800005034e+01
1.266569930350000277e+02,3.604547760600007678e+01
1.266401473320000832e+02,3.606342194200004769e+01
1.266311141290000251e+02,3.607558828300005871e+01
1.266450301440000885e+02,3.608470286700008955e+01
1.266385197270000162e+02,3.609096914300005210e+01
1.266248478520000162e+02,3.609560781500005078e+01
1.266123283670000319e+02,3.609899244200005342e+01
1.265894474620000665e+02,3.613080475500004241e+01
1.265718686520000347e+02,3.613697874200005344e+01
1.265585733560000108e+02,3.613076369800006660e+01
1.265522815390000915e+02,3.613080877800007329e+01
1.265517676880000408e+02,3.614182264700008318e+01
1.265291722560000380e+02,3.615351413200005481e+01
1.265096475800000917e+02,3.615102477900006761e+01
1.265035794860000351e+02,3.613219012500007921e+01
1.265002547540000251e+02,3.612571849200008955e+01
1.264934188160000303e+02,3.613080475500004241e+01
1.264974011720000817e+02,3.616001868200004310e+01
1.265313568130000021e+02,3.617393972800005031e+01
1.265613412380000682e+02,3.618158844000004137e+01
1.266032820970000330e+02,3.617182038000004241e+01
1.265884708990000718e+02,3.619159577000004901e+01
1.265800887380000859e+02,3.619936758000005739e+01
1.265689396490000718e+02,3.620595937700005607e+01
1.265622664720000330e+02,3.620722077000004901e+01
1.265542912120000665e+02,3.620343659100007017e+01
1.265485945970000330e+02,3.620595937700005607e+01
1.265411076180000691e+02,3.621255117400005474e+01
1.265349227220000330e+02,3.621963125200005607e+01
1.265559188160000303e+02,3.626626211100006003e+01
1.265679630870000665e+02,3.628681061400004637e+01
1.265826115240000718e+02,3.629466380400003800e+01
1.265715438160000303e+02,3.630560944200004769e+01
1.265290633470000330e+02,3.631610748900004637e+01
1.265137638680000691e+02,3.632265859600005342e+01
1.265288192070000832e+02,3.633388906500005078e+01
1.265733341810000638e+02,3.634259674700007281e+01
1.265826115240000718e+02,3.635301341400008823e+01
1.265761824880000859e+02,3.636627838700007942e+01
1.265603947270000162e+02,3.636961497600003668e+01
1.265274357430000691e+02,3.636977773600006003e+01
1.265205998060000638e+02,3.637360260600007678e+01
1.265087996750000912e+02,3.638519928600004505e+01
1.265007430350000277e+02,3.639093659100007017e+01
1.265007430350000277e+02,3.639769114800003535e+01
1.265137638680000691e+02,3.639769114800003535e+01
1.264987793760000159e+02,3.642010585900004571e+01
1.265168953000001011e+02,3.642818714700007376e+01
1.265375365920000377e+02,3.643322090100008381e+01
1.265567775900000242e+02,3.645582983400004196e+01
1.265979599190000044e+02,3.646507264600006692e+01
1.266174422540000251e+02,3.647345612200007281e+01
1.265590926440000885e+02,3.647345612200007281e+01
1.265450138680000691e+02,3.646698639500004901e+01
1.265234481130000859e+02,3.644110748900004637e+01
1.265075789720000330e+02,3.643866608300004373e+01
1.264976505870000665e+02,3.644839101800005210e+01
1.264885360040000251e+02,3.646686432500007413e+01
1.264827580090000083e+02,3.648582591400008823e+01
1.264834090500000912e+02,3.649701569200004769e+01
1.265042423840000083e+02,3.651666901200007942e+01
1.265139266290000251e+02,3.652879466400008823e+01
1.265107528000000912e+02,3.653424713700007942e+01
1.264915798940000968e+02,3.652866968700004691e+01
1.264829207690000885e+02,3.653522370000007413e+01
1.264750712530000101e+02,3.653941443800005118e+01
1.264703285210000558e+02,3.654019879300005869e+01
1.264656846060000817e+02,3.654938739600004283e+01
1.264700586420000263e+02,3.655776620400007459e+01
1.264692175070000530e+02,3.656693374500008531e+01
1.264641820280000957e+02,3.658412088400007178e+01
1.264580951960000448e+02,3.659140682000008837e+01
1.264576569540000719e+02,3.659559566500007577e+01
1.264714564690000316e+02,3.659629146000008859e+01
1.264914530810000315e+02,3.660376195500003860e+01
1.265123119370000495e+02,3.660320934800006398e+01
1.265138679730000604e+02,3.661539162100007161e+01
1.265198673840000083e+02,3.662616608300004373e+01
1.265117103759999964e+02,3.663484833300003629e+01
1.264998552880000489e+02,3.663683581500004038e+01
1.264837986900000715e+02,3.664960341400006882e+01
1.264939559960000679e+02,3.666131612900005621e+01
1.265080302350000920e+02,3.667041328400006250e+01
1.264985104980000870e+02,3.668427343300004395e+01
1.264745351560000017e+02,3.668788509000006570e+01
1.264696868320000931e+02,3.670458703700006708e+01
1.264773491720000038e+02,3.671688812300004656e+01
1.265007430350000277e+02,3.671987539300005210e+01
1.264873153000000912e+02,3.673216380400003800e+01
1.264826766290000251e+02,3.673834870000007413e+01
1.264795841810000638e+02,3.674713776200007942e+01
1.264712020190000885e+02,3.674140045800004373e+01
1.264570418630000859e+02,3.672898997600003668e+01
1.264411727220000330e+02,3.672353750200005607e+01
1.264379988940000885e+02,3.671645742400005474e+01
1.264385685560000638e+02,3.670941803600004505e+01
1.264456361130000914e+02,3.670072162800005344e+01
1.264468803970000863e+02,3.668376186500006497e+01
1.264395134880001024e+02,3.666426528100004134e+01
1.264439073839999992e+02,3.663808107900007371e+01
1.264332899860000907e+02,3.661572651200003747e+01
1.264242383440000594e+02,3.660658137000007173e+01
1.264057278100000303e+02,3.661819575800006987e+01
1.263863910370000667e+02,3.661888770600006637e+01
1.263671498290000272e+02,3.662906549500007714e+01
1.263719687669999985e+02,3.668307773200007205e+01
1.263779087690001006e+02,3.670258175600008599e+01
1.263664224310000463e+02,3.670697153900005105e+01
1.263698836600000277e+02,3.673232656500005078e+01
1.263591414720000330e+02,3.674266185100003668e+01
1.263430281910000303e+02,3.674038320500005739e+01
1.263339949880000859e+02,3.672736237200007281e+01
1.263315535820000832e+02,3.671137116100004505e+01
1.263243107430000691e+02,3.669965241100004505e+01
1.263015242850000277e+02,3.669936758000005739e+01
1.263108830090000083e+02,3.668398672100005342e+01
1.263291121750000912e+02,3.666058991100004505e+01
1.263357039720000330e+02,3.664411041900007149e+01
1.263247176440000885e+02,3.663662344000005078e+01
1.263261824880000859e+02,3.662836334800005034e+01
1.263430281910000303e+02,3.661001211100006003e+01
1.263277287120000665e+02,3.660757070500005739e+01
1.263147892590000083e+02,3.660162995000007413e+01
1.263039656910000303e+02,3.659308502800007545e+01
1.262952580090000083e+02,3.658270905200004108e+01
1.262954207690000885e+02,3.659003327000004901e+01
1.262942814460000136e+02,3.659747955900007810e+01
1.262920028000000912e+02,3.660423411700008955e+01
1.262885848320000832e+02,3.661001211100006003e+01
1.263023380870000665e+02,3.663442617400005474e+01
1.262729598320000832e+02,3.667316315300007545e+01
1.262817488940000885e+02,3.669257233300004373e+01
1.262741805350000277e+02,3.671987539300005210e+01
1.262557072270000162e+02,3.671157461100006003e+01
1.262292586600000277e+02,3.668471914300005210e+01
1.262097274100000277e+02,3.667890045800004373e+01
1.261982528000000912e+02,3.667706940300007545e+01
1.261879988940000885e+02,3.667381419500003403e+01
1.261777449880000859e+02,3.667324453300005871e+01
1.261656193370000665e+02,3.667890045800004373e+01
1.261626896490000718e+02,3.668353913000004241e+01
1.261585392590000083e+02,3.669285716400008823e+01
1.261569930350000277e+02,3.670205312700005607e+01
1.261618758470000330e+02,3.670620351800005210e+01
1.262031356130000859e+02,3.670587799700007281e+01
1.262136336600000277e+02,3.671161530200004108e+01
1.262133895190000885e+02,3.672671133000005739e+01
1.262026473320000832e+02,3.674241771000004064e+01
1.261872664720000330e+02,3.674848053600004505e+01
1.261711531910000303e+02,3.675226471600007017e+01
1.261582137380000859e+02,3.676080963700007942e+01
1.261530867850000277e+02,3.674884674700007281e+01
1.261501570970000330e+02,3.672394440300007545e+01
1.261445418630000859e+02,3.671238841400008823e+01
1.261328231130000859e+02,3.670384349200008955e+01
1.261289168630000859e+02,3.671190013200003932e+01
1.261301375660000303e+02,3.673696523600006003e+01
1.261281844410000303e+02,3.676129791900007149e+01
1.261309513680000691e+02,3.676805247600003668e+01
1.261565861340000083e+02,3.679417552300003535e+01
1.261616317070000832e+02,3.680329010600007678e+01
1.261656193370000665e+02,3.681606679900005474e+01
1.261687931650000110e+02,3.680638255400003800e+01
1.261731063160000303e+02,3.679767487200007281e+01
1.261784774100000277e+02,3.678945547100005342e+01
1.261853947270000162e+02,3.678131745000007413e+01
1.261906844410000303e+02,3.678530508000005739e+01
1.261972762380000859e+02,3.678489817900003800e+01
1.262048445970000330e+02,3.678278229400007149e+01
1.262133895190000885e+02,3.678131745000007413e+01
1.262028914720000330e+02,3.679319896000004064e+01
1.261922306650000110e+02,3.680857982000003403e+01
1.262207137380000859e+02,3.680174388200003932e+01
1.262324324880000859e+02,3.680418528900008823e+01
1.262400008470000330e+02,3.681606679900005474e+01
1.262144474620000665e+02,3.681753164300005210e+01
1.261987410820000832e+02,3.682322825700003932e+01
1.261968693370000665e+02,3.683567942900003800e+01
1.262133895190000885e+02,3.685700104400007149e+01
1.261907658210000136e+02,3.687201569200004769e+01
1.261922306650000110e+02,3.688593170800004373e+01
1.262094832690000885e+02,3.689716217700004108e+01
1.262338973320000832e+02,3.690420156500005078e+01
1.262275496750000912e+02,3.687978750200005607e+01
1.262299910820000832e+02,3.687303294500003403e+01
1.262437443370000665e+02,3.687067291900007149e+01
1.262685653000000912e+02,3.687103913000004241e+01
1.262752384770000162e+02,3.687474192900003800e+01
1.262817488940000885e+02,3.688373444200004769e+01
1.262835392590000083e+02,3.690623607000003403e+01
1.262810164720000330e+02,3.693646881700004769e+01
1.262856551440000885e+02,3.696112702000004901e+01
1.263089298840000083e+02,3.696686432500007413e+01
1.263059188160000303e+02,3.695307038000004241e+01
1.263066512380000859e+02,3.693146393400007810e+01
1.263110457690000885e+02,3.690957265800005871e+01
1.263234969410000303e+02,3.688324616100004505e+01
1.263173934250000912e+02,3.687396881700004769e+01
1.263076278000000912e+02,3.686566803600004505e+01
1.263015242850000277e+02,3.685700104400007149e+01
1.263018498060000638e+02,3.684780508000005739e+01
1.263081160820000832e+02,3.683307526200007942e+01
1.263089298840000083e+02,3.682908763200003932e+01
1.263034774100000277e+02,3.682436758000005739e+01
1.262854923840000083e+02,3.681492747600003668e+01
1.262817488940000885e+02,3.681232330900007810e+01
1.262827254570000832e+02,3.680369700700003932e+01
1.262859806650000110e+02,3.679458242400005474e+01
1.262912703790000251e+02,3.678925202000004901e+01
1.262984318370000665e+02,3.679189687700005607e+01
1.263152775400000110e+02,3.680434804900005474e+01
1.263278914720000330e+02,3.680463288000004241e+01
1.263567000660000303e+02,3.678876373900004637e+01
1.263360294930000691e+02,3.682465241100004505e+01
1.263287052740000718e+02,3.684699127800007545e+01
1.263393660820000832e+02,3.685700104400007149e+01
1.263554793630000859e+02,3.684048086100006003e+01
1.263653263680000691e+02,3.683535390800005871e+01
1.263698836600000277e+02,3.684617747600003668e+01
1.263741154310000638e+02,3.684955475500004241e+01
1.263845320970000330e+02,3.685293203300005871e+01
1.264045516290000251e+02,3.685700104400007149e+01
1.264045516290000251e+02,3.686322663000004241e+01
1.263965763680000691e+02,3.686420319200004769e+01
1.263772892590000083e+02,3.687067291900007149e+01
1.263772892590000083e+02,3.687689850500004241e+01
1.264013778000000912e+02,3.688141510600007678e+01
1.264155379570000832e+02,3.689984772300005034e+01
1.264192000660000303e+02,3.692230866100004505e+01
1.264113875660000303e+02,3.693891022300005034e+01
1.264026798840000083e+02,3.694122955900007810e+01
1.263764754570000832e+02,3.694159577000004901e+01
1.263635360040000251e+02,3.694578685100003668e+01
1.263538517590000083e+02,3.695522695500005739e+01
1.263506779310000638e+02,3.696450429900005474e+01
1.263554793630000859e+02,3.696775950700003932e+01
1.263698836600000277e+02,3.695941803600004505e+01
1.263764754570000832e+02,3.697492096600007017e+01
1.263693953790000251e+02,3.698411692900003800e+01
1.263540145190000885e+02,3.698786041900007149e+01
1.263357039720000330e+02,3.698676178600004505e+01
1.263431095710000136e+02,3.699445221600007017e+01
1.263530379570000832e+02,3.699998607000003403e+01
1.263637801440000885e+02,3.700145091400008823e+01
1.263735457690000885e+02,3.699701569200004769e+01
1.263830672540000251e+02,3.699115631700004769e+01
1.263914494150000110e+02,3.698981354400007149e+01
1.263952742850000277e+02,3.699290599200008955e+01
1.263908797540000251e+02,3.700043366100004505e+01
1.263908797540000251e+02,3.700787995000007413e+01
1.264277449880000859e+02,3.700836823100007678e+01
1.264454044930000691e+02,3.700340403900008823e+01
1.264528914720000330e+02,3.699017975500004241e+01
1.264478458990000718e+02,3.698200104400007149e+01
1.264382430350000277e+02,3.697333405200004108e+01
1.264323836600000277e+02,3.696198151200007942e+01
1.264387313160000303e+02,3.694578685100003668e+01
1.264475203790000251e+02,3.695282623900004637e+01
1.264588322270000162e+02,3.695774974200008955e+01
1.264685978520000162e+02,3.695758698100007678e+01
1.264727482430000691e+02,3.694920482000003403e+01
1.264738875660000303e+02,3.694220612200007281e+01
1.264785262380000859e+02,3.693585846600007017e+01
1.264795841810000638e+02,3.692902252800007545e+01
1.264777938160000303e+02,3.692641836100006003e+01
1.264687606130000859e+02,3.691779205900007810e+01
1.264659123060000638e+02,3.691160716400008823e+01
1.264659123060000638e+02,3.686692942900003800e+01
1.264692488940000885e+02,3.685398997600003668e+01
1.264765731130000859e+02,3.684491608300004373e+01
1.264838973320000832e+02,3.684149811400004637e+01
1.264871525400000110e+02,3.684617747600003668e+01
1.264912215500000912e+02,3.687107982000003403e+01
1.265095320970000330e+02,3.691885000200005607e+01
1.265137638680000691e+02,3.694236888200003932e+01
1.265191349620000665e+02,3.694790273600006003e+01
1.265312606130000859e+02,3.694131094000005078e+01
1.265485945970000330e+02,3.692593008000005739e+01
1.265556746750000912e+02,3.691510651200007942e+01
1.265608016290000251e+02,3.690509674700007281e+01
1.265683699880000859e+02,3.689850495000007413e+01
1.265826115240000718e+02,3.689801666900007149e+01
1.265826115240000718e+02,3.690420156500005078e+01
1.265754500660000303e+02,3.691181061400004637e+01
1.265667423840000083e+02,3.693219635600007678e+01
1.265590926440000885e+02,3.694236888200003932e+01
1.264978133470000330e+02,3.699420807500007413e+01
1.264934188160000303e+02,3.699701569200004769e+01
1.264968367850000277e+02,3.700779857000003403e+01
1.265053817070000832e+02,3.700657786700008955e+01
1.265156356130000859e+02,3.699884674700007281e+01
1.265315861340000083e+02,3.698289622600003668e+01
1.265400496750000912e+02,3.697687409100007017e+01
1.265503035820000832e+02,3.697313060100003668e+01
1.265627547540000251e+02,3.697308991100004505e+01
1.265721134770000162e+02,3.697748444200004769e+01
1.265730086600000277e+02,3.698436107000003403e+01
1.265661727220000330e+02,3.699079010600007678e+01
1.265520125660000303e+02,3.699359772300005034e+01
1.265329695970000330e+02,3.700092194200004769e+01
1.265122544570000400e+02,3.701643034000005628e+01
1.265029207730000280e+02,3.703952092100007576e+01
1.265007430350000277e+02,3.705499909100007017e+01
1.265190535820000832e+02,3.705540599200008955e+01
1.265350041020000162e+02,3.704926178600004505e+01
1.265493270190000885e+02,3.703921133000005739e+01
1.265693414470000562e+02,3.702777751600007150e+01
1.265884523690000378e+02,3.701722113300007777e+01
1.265962923870000623e+02,3.701082778700003928e+01
1.266114666870000747e+02,3.700256009700007098e+01
1.266260948670000062e+02,3.699610446500008720e+01
1.266360954100000527e+02,3.698245312400007379e+01
1.266313826790000121e+02,3.696893085200008500e+01
1.266216740240000718e+02,3.695978424700007281e+01
1.266236271490000718e+02,3.695262278900008823e+01
1.266335555350000277e+02,3.693740469000005078e+01
1.266347762380000859e+02,3.692804596600007017e+01
1.266311141290000251e+02,3.691160716400008823e+01
1.266421004570000832e+02,3.691771067900003800e+01
1.266464949880000859e+02,3.692511627800007545e+01
1.266491805350000277e+02,3.693341705900007810e+01
1.266453754570000001e+02,3.695795322000003580e+01
1.266494489610000755e+02,3.696605646100005060e+01
1.266557925370000248e+02,3.697459363300004043e+01
1.266650431530000560e+02,3.698852457200007393e+01
1.266815444540000044e+02,3.699470406900007902e+01
1.266970320970000330e+02,3.699481842700004108e+01
1.267143483160000415e+02,3.699304206300007536e+01
1.267335123940000585e+02,3.698743087200006130e+01
1.267577669460000607e+02,3.698221985900005393e+01
1.267751570970000330e+02,3.697308991100004505e+01
1.267962345710000136e+02,3.695575592700004108e+01
1.267976994150000110e+02,3.693439362200007281e+01
1.267819930350000277e+02,3.689118073100007678e+01
1.267939559250000912e+02,3.689752838700007942e+01
1.268127547540000251e+02,3.691693756700004769e+01
1.268230086600000277e+02,3.691844310100003668e+01
1.268301701180000691e+02,3.691022370000007413e+01
1.268343205090000083e+02,3.689549388200003932e+01
1.268365177740000718e+02,3.686692942900003800e+01
1.268354598320000832e+02,3.686082591400008823e+01
1.268308211600000277e+02,3.684723541900007149e+01
1.268298445970000330e+02,3.683934153900008823e+01
1.268317977220000330e+02,3.683112213700007942e+01
1.268406681650000110e+02,3.681915924700007281e+01
1.268491317070000832e+02,3.678803131700004769e+01
1.268462833990000718e+02,3.677912018400007810e+01
1.268298445970000330e+02,3.677509186400004637e+01
1.268328556650000110e+02,3.676666901200007942e+01
1.268367619150000110e+02,3.676093170800004373e+01
1.268425399100000277e+02,3.675702545800004373e+01
1.268508406910000303e+02,3.675397370000007413e+01
1.268567000660000303e+02,3.677643463700007942e+01
1.268665470710000136e+02,3.678978099200008955e+01
1.268715926440000885e+02,3.680402252800007545e+01
1.268632918630000859e+02,3.682908763200003932e+01
1.268835555350000277e+02,3.682436758000005739e+01
1.269047957690000885e+02,3.682225169500003403e+01
1.268704533210000136e+02,3.685276927300003535e+01
1.268601994150000110e+02,3.686957428600004505e+01
1.268806258470000330e+02,3.687689850500004241e+01
1.268990177740000718e+02,3.687933991100004505e+01
1.269424748060000638e+02,3.689337799700007281e+01
1.269744572270000162e+02,3.691290924700007281e+01
1.269895125660000303e+02,3.691860586100006003e+01
1.270003361340000083e+02,3.692837148600006003e+01
1.270071720710000136e+02,3.695262278900008823e+01
1.270052189460000136e+02,3.695693594000005078e+01
1.269959416020000162e+02,3.696478913000004241e+01
1.269941512380000859e+02,3.696686432500007413e+01
1.269995223320000832e+02,3.697089264500004901e+01
1.270048934250000912e+02,3.697142161700008955e+01
1.270100203790000251e+02,3.697125885600007678e+01
1.270239363940000885e+02,3.697744375200005607e+01
1.270328068370000665e+02,3.697850169500003403e+01
1.270393986340000083e+02,3.698200104400007149e+01
1.270420028000000912e+02,3.699359772300005034e+01
1.269821883470000330e+02,3.698016998900004637e+01
1.269731551440000885e+02,3.696995677300003535e+01
1.269763289720000330e+02,3.693903229400007149e+01
1.269690861340000083e+02,3.693203359600005342e+01
1.269458113940000885e+02,3.692593008000005739e+01
1.269126896490000718e+02,3.692963288000004241e+01
1.268733830090000083e+02,3.694798411700008955e+01
1.268379012380000859e+02,3.697589752800007545e+01
1.268244096710000122e+02,3.700261617600006048e+01
1.268842879570000832e+02,3.700787995000007413e+01
1.268842879570000832e+02,3.701410553600004505e+01
1.268801375660000303e+02,3.701569245000007413e+01
1.268706974620000665e+02,3.702147044500003403e+01
1.268819279310000638e+02,3.702265045800004373e+01
1.268925887380000859e+02,3.702216217700004108e+01
1.269023543630000859e+02,3.701947663000004241e+01
1.269109806650000110e+02,3.701410553600004505e+01
1.269067488940000885e+02,3.703314850500004241e+01
1.268930770190000885e+02,3.705011627800007545e+01
1.268831486340000083e+02,3.706956614800003535e+01
1.268904728520000162e+02,3.709593333500004064e+01
1.268791610040000251e+02,3.710000234600005342e+01
1.268704533210000136e+02,3.709076569200004769e+01
1.268650822270000162e+02,3.707485586100006003e+01
1.268632918630000859e+02,3.705878327000004901e+01
1.268586531910000303e+02,3.704132721600007017e+01
1.268491317070000832e+02,3.703729889500004901e+01
1.268396916020000162e+02,3.704486725500004241e+01
1.268205672540000251e+02,3.704169342700004108e+01
1.268012801440000885e+02,3.703774648600006003e+01
1.267552189460000136e+02,3.704881419500003403e+01
1.267555265320000899e+02,3.706014106400004948e+01
1.267511905350000916e+02,3.707009237300007953e+01
1.267548139520000632e+02,3.708355618400008780e+01
1.267528588640000180e+02,3.710068796700005578e+01
1.267644510140000875e+02,3.711765780400008907e+01
1.267782683500000758e+02,3.713280400600007169e+01
1.267941816930000414e+02,3.713892030000005207e+01
1.268112098999999944e+02,3.714412053100005551e+01
1.268365177740000718e+02,3.714443594000005078e+01
1.268635360040000251e+02,3.715029531500005078e+01
1.268691512380000859e+02,3.715696849200008955e+01
1.268706974620000665e+02,3.717548248900004637e+01
1.268645125660000303e+02,3.717910390800005871e+01
1.268505965500000912e+02,3.717304108300004373e+01
1.268298445970000330e+02,3.715867747600003668e+01
1.268169051440000885e+02,3.716079336100006003e+01
1.268073836600000277e+02,3.716526927300003535e+01
1.268022567070000832e+02,3.717316315300007545e+01
1.268023380870000665e+02,3.718537018400007810e+01
1.267785750660000303e+02,3.717568594000005078e+01
1.267592879570000832e+02,3.716469961100006003e+01
1.267236434250000912e+02,3.713385651200007942e+01
1.267144474620000665e+02,3.712799713700007942e+01
1.267028914720000330e+02,3.712470123900004637e+01
1.266921492850000277e+02,3.712498607000003403e+01
1.266856388680000691e+02,3.713011302300003535e+01
1.266860457690000885e+02,3.713930898600006003e+01
1.266921492850000277e+02,3.714826080900007810e+01
1.267068791020000162e+02,3.716486237200007281e+01
1.266777449880000859e+02,3.715949127800007545e+01
1.266684676440000885e+02,3.716181061400004637e+01
1.266652938160000303e+02,3.717548248900004637e+01
1.266706649100000277e+02,3.718561432500007413e+01
1.266828719410000303e+02,3.719135163000004241e+01
1.266967879570000832e+02,3.719513580900007810e+01
1.267068791020000162e+02,3.719965241100004505e+01
1.267190047540000251e+02,3.721287669500003403e+01
1.267158309250000912e+02,3.721629466400008823e+01
1.266890568370000665e+02,3.721332428600004505e+01
1.266801863940000885e+02,3.721767812700005607e+01
1.266731876960000136e+02,3.722842031500005078e+01
1.266665145190000885e+02,3.724184804900005474e+01
1.266584578790000251e+02,3.725429922100005342e+01
1.266629337900000110e+02,3.725531647300005034e+01
1.266657820970000330e+02,3.725690338700007942e+01
1.266721297540000251e+02,3.726170482000003403e+01
1.266794539720000330e+02,3.725722890800005871e+01
1.266905216810000638e+02,3.725771719000005078e+01
1.267099715500000912e+02,3.726170482000003403e+01
1.267258406910000303e+02,3.725820547100005342e+01
1.267391056650000110e+02,3.725165436400004637e+01
1.267522078790000251e+02,3.724827708500004064e+01
1.267675887380000859e+02,3.725429922100005342e+01
1.267663680350000277e+02,3.724315013200003932e+01
1.267675887380000859e+02,3.723232656500005078e+01
1.267724715500000912e+02,3.722394440300007545e+01
1.267819930350000277e+02,3.722016022300005034e+01
1.267924910820000832e+02,3.722345612200007281e+01
1.267973738940000885e+02,3.723285553600004505e+01
1.268023380870000665e+02,3.725429922100005342e+01
1.268191837900000110e+02,3.727440013200003932e+01
1.268330184250000912e+02,3.727285390800005871e+01
1.268486434250000912e+02,3.726532623900004637e+01
1.268706974620000665e+02,3.726788971600007017e+01
1.268659774100000277e+02,3.727606842700004108e+01
1.268598738940000885e+02,3.728213125200005607e+01
1.268521427740000718e+02,3.728620026200007942e+01
1.268427840500000912e+02,3.728839752800007545e+01
1.268288913480000701e+02,3.728798400500005528e+01
1.268225444740000967e+02,3.729560677300008820e+01
1.268076026970001067e+02,3.729776593100007176e+01
1.267955596300000707e+02,3.729472461400007433e+01
1.267835730790000071e+02,3.729526756400008480e+01
1.267646431720000919e+02,3.729826674600008118e+01
1.267333100890000424e+02,3.730617043500006957e+01
1.266897927190000246e+02,3.733248642000006612e+01
1.266874879040000224e+02,3.734402775300003441e+01
1.267068650990000833e+02,3.736646857700003466e+01
1.267200450910000882e+02,3.737705338200004235e+01
1.267171623890000092e+02,3.738383877600006144e+01
1.266647502920000079e+02,3.738916822900006309e+01
1.266403401420000137e+02,3.736438956600005667e+01
1.266150874930000327e+02,3.737974492700004703e+01
1.266253821200000402e+02,3.739791834500005052e+01
1.266386285390000239e+02,3.741379056200008790e+01
1.266303083940000533e+02,3.742501279800006841e+01
1.266124054900000147e+02,3.743274063700005172e+01
1.265959852160000310e+02,3.743965658900003746e+01
1.265982907140000862e+02,3.745792753800003538e+01
1.265950180370000453e+02,3.747227345500004958e+01
1.266047609820000162e+02,3.748569654000004903e+01
1.266334442900000568e+02,3.749257085200008532e+01
1.266420219740000448e+02,3.749606221200008349e+01
1.266441629810000222e+02,3.750438517100008085e+01
1.266306752260001076e+02,3.750730105300004880e+01
1.266270251619999954e+02,3.749859465700006922e+01
1.266064512340000192e+02,3.749681174700003794e+01
1.266011057730000857e+02,3.750680210400008718e+01
1.265989045170000509e+02,3.752510653300004151e+01
1.266037923720000435e+02,3.754929667300007168e+01
1.265989067040000009e+02,3.755808773500007192e+01
1.265911046700000497e+02,3.757287000800005217e+01
1.265822500450000234e+02,3.758448345700008986e+01
1.265719345490000478e+02,3.759849457000007078e+01
1.265605146249999962e+02,3.760735331500006851e+01
1.265602857710000535e+02,3.762084737200007112e+01
1.265561629570000832e+02,3.764101797100005342e+01
1.265454207690000885e+02,3.767251211100006003e+01
1.265310164720000330e+02,3.775470612200007281e+01
1.265349227220000330e+02,3.776821523600006003e+01
1.265481876960000136e+02,3.777016836100006003e+01
1.266032820970000330e+02,3.775454336100006003e+01
1.266208602220000330e+02,3.775755442900003800e+01
1.266355086600000277e+02,3.776300690300007545e+01
1.266485294930000691e+02,3.776504140800005871e+01
1.266618758470000330e+02,3.775796133000005739e+01
1.266668400400000110e+02,3.774616120000007413e+01
1.266687931650000110e+02,3.772772858300004373e+01
1.266673283210000136e+02,3.770880768400007810e+01
1.266618758470000330e+02,3.769586823100007678e+01
1.266614689460000136e+02,3.767243073100007678e+01
1.266921492850000277e+02,3.765204498900004637e+01
1.267310490240000718e+02,3.763906484600005342e+01
1.267552189460000136e+02,3.763788483300004373e+01
1.267364201180000691e+02,3.765330638200003932e+01
1.266788029310000638e+02,3.768626536700008955e+01
1.266955672540000251e+02,3.772174713700007942e+01
1.267005314460000136e+02,3.774298737200007281e+01
1.266962996750000912e+02,3.775796133000005739e+01
1.266868595710000136e+02,3.777362702000004901e+01
1.266860446970001135e+02,3.778218270500006781e+01
1.266849064460000136e+02,3.779360586100006003e+01
1.266894637380000859e+02,3.781366608300004373e+01
1.266999617850000277e+02,3.782965729400007149e+01
1.266924748060000638e+02,3.783710358300004373e+01
1.266826278000000912e+02,3.783600495000007413e+01
1.266674589270000979e+02,3.782781016100001636e+01
1.266605163980000839e+02,3.791381093400012503e+01
1.266657873950001090e+02,3.793763376900010087e+01
1.266778280030000587e+02,3.794458424900007287e+01
1.266963281660001144e+02,3.794618621900009714e+01
1.267221147060001272e+02,3.795393768300003501e+01
1.267619055580001373e+02,3.797900075300002243e+01
1.268473267020000321e+02,3.808201772100001392e+01
1.268647933350000585e+02,3.809602203400002907e+01
1.269033439540001496e+02,3.811958648700003494e+01
1.269198287360000563e+02,3.813459849100009080e+01
1.269401342470000600e+02,3.817417257100002814e+01
1.269537284750000481e+02,3.820066681000007236e+01
1.269660646360000555e+02,3.821303801600002714e+01
1.269719185790000893e+02,3.821890859000011176e+01
1.270267472740000585e+02,3.825446197600008702e+01
1.270904643150000766e+02,3.828585540800010278e+01
1.271574886480000259e+02,3.830722361300011869e+01
1.272219808350001244e+02,3.831270131500009768e+01
1.272538135180000722e+02,3.831003997800006289e+01
1.273771134849999953e+02,3.831851491300007240e+01
1.274719397380000601e+02,3.829590647400003434e+01
1.275020670990001008e+02,3.829807688400002519e+01
1.275608232020001083e+02,3.831208119700004033e+01
1.277537313230000109e+02,3.832536204100004795e+01
1.277619478770000683e+02,3.832096954300006075e+01
1.277747119550001003e+02,3.830644846600010567e+01
1.277870109460000663e+02,3.829668162000005793e+01
1.278007568770000830e+02,3.829391693200010138e+01
1.278668510340001490e+02,3.830484649700007083e+01
1.279717541920000485e+02,3.830004058900006214e+01
1.280398637290001602e+02,3.830427805600002955e+01
1.281084900310000876e+02,3.832350168900002529e+01
1.281723621020001360e+02,3.835595448900004101e+01
1.282255888270000241e+02,3.839977610300006461e+01
1.282487398680000297e+02,3.842576934800011657e+01
1.282680668540000397e+02,3.845351959300005262e+01
1.282810893150000879e+02,3.848437042300004407e+01
1.282854301360000591e+02,3.851984629300007157e+01
1.282769552010000780e+02,3.855405609100007780e+01
1.282747847900000124e+02,3.857149688700012291e+01
1.282810893150000879e+02,3.858441599600003258e+01
1.283083744720000823e+02,3.860134002700003464e+01
1.283649194670000497e+02,3.862433502800007545e+01
